,Closing_Balance_Today,Opening_Balance_Today,Opening_Balance_This_Month,Opening_Balance_This_Fiscal_Year,Fiscal_Year,Fiscal_Quarter_Number,Calender_Year,Calender_Quarter_Number,Calender_Month_Number,Calender_Day_Number
1,215239,854240,923240,215160,2022,3,2022,2,5,31
2,854240,345844,923240,215160,2022,3,2022,2,5,27
3,345844,215239,923240,215160,2022,3,2022,2,5,26
4,215239,745700,923240,215160,2022,3,2022,2,5,25
5,745700,18310,923240,215160,2022,3,2022,2,5,24
6,18310,33930,923240,215160,2022,3,2022,2,5,23
7,33930,798871,923240,215160,2022,3,2022,2,5,20
8,798871,65033,923240,215160,2022,3,2022,2,5,19
9,65033,121071,923240,215160,2022,3,2022,2,5,18
10,121071,795388,923240,215160,2022,3,2022,2,5,17
11,795388,54527,923240,215160,2022,3,2022,2,5,16
12,54527,24712,923240,215160,2022,3,2022,2,5,13
13,24712,812613,923240,215160,2022,3,2022,2,5,12
14,812613,87958,923240,215160,2022,3,2022,2,5,11
15,87958,108683,923240,215160,2022,3,2022,2,5,10
16,108683,834567,923240,215160,2022,3,2022,2,5,9
17,834567,38609,923240,215160,2022,3,2022,2,5,6
18,38609,-5343,923240,215160,2022,3,2022,2,5,5
19,-5343,834332,923240,215160,2022,3,2022,2,5,4
20,834332,-5609,923240,215160,2022,3,2022,2,5,3
21,-5609,68768,923240,215160,2022,3,2022,2,5,2
22,68768,836033,651523,215160,2022,3,2022,2,4,29
23,836033,144042,651523,215160,2022,3,2022,2,4,28
24,144042,173498,651523,215160,2022,3,2022,2,4,27
25,173498,905973,651523,215160,2022,3,2022,2,4,26
26,905973,44973,651523,215160,2022,3,2022,2,4,25
27,44973,60826,651523,215160,2022,3,2022,2,4,22
28,60826,925922,651523,215160,2022,3,2022,2,4,21
29,925922,126956,651523,215160,2022,3,2022,2,4,20
30,126956,188178,651523,215160,2022,3,2022,2,4,19
31,188178,1143572,651523,215160,2022,3,2022,2,4,18
32,1143572,602292,651523,215160,2022,3,2022,2,4,15
33,602292,543536,651523,215160,2022,3,2022,2,4,14
34,543536,545611,651523,215160,2022,3,2022,2,4,13
35,545611,564856,651523,215160,2022,3,2022,2,4,12
36,564856,544736,651523,215160,2022,3,2022,2,4,11
37,544736,542946,651523,215160,2022,3,2022,2,4,8
38,542946,545584,651523,215160,2022,3,2022,2,4,7
39,545584,542176,651523,215160,2022,3,2022,2,4,6
40,542176,579607,651523,215160,2022,3,2022,2,4,5
41,579607,567423,651523,215160,2022,3,2022,2,4,4
42,567423,651523,651523,215160,2022,3,2022,2,4,1
43,651523,556791,771264,215160,2022,2,2022,1,3,31
44,556791,560968,771264,215160,2022,2,2022,1,3,30
45,560968,596168,771264,215160,2022,2,2022,1,3,29
46,596168,582578,771264,215160,2022,2,2022,1,3,28
47,582578,563796,771264,215160,2022,2,2022,1,3,25
48,563796,576442,771264,215160,2022,2,2022,1,3,24
49,576442,607762,771264,215160,2022,2,2022,1,3,23
50,607762,626636,771264,215160,2022,2,2022,1,3,22
51,626636,622418,771264,215160,2022,2,2022,1,3,21
52,622418,624216,771264,215160,2022,2,2022,1,3,18
53,624216,621527,771264,215160,2022,2,2022,1,3,17
54,621527,629614,771264,215160,2022,2,2022,1,3,16
55,629614,567360,771264,215160,2022,2,2022,1,3,15
56,567360,544592,771264,215160,2022,2,2022,1,3,14
57,544592,541965,771264,215160,2022,2,2022,1,3,11
58,541965,609369,771264,215160,2022,2,2022,1,3,10
59,609369,645312,771264,215160,2022,2,2022,1,3,9
60,645312,673387,771264,215160,2022,2,2022,1,3,8
61,673387,658241,771264,215160,2022,2,2022,1,3,7
62,658241,661486,771264,215160,2022,2,2022,1,3,4
63,661486,685491,771264,215160,2022,2,2022,1,3,3
64,685491,699674,771264,215160,2022,2,2022,1,3,2
65,699674,771264,771264,215160,2022,2,2022,1,3,1
66,771264,661184,742843,215160,2022,2,2022,1,2,28
67,661184,640342,742843,215160,2022,2,2022,1,2,25
68,640342,674797,742843,215160,2022,2,2022,1,2,24
69,674797,695704,742843,215160,2022,2,2022,1,2,23
70,695704,702252,742843,215160,2022,2,2022,1,2,22
71,702252,705359,742843,215160,2022,2,2022,1,2,18
72,705359,709261,742843,215160,2022,2,2022,1,2,17
73,709261,718597,742843,215160,2022,2,2022,1,2,16
74,718597,699135,742843,215160,2022,2,2022,1,2,15
75,699135,682930,742843,215160,2022,2,2022,1,2,14
76,682930,672004,742843,215160,2022,2,2022,1,2,11
77,672004,679019,742843,215160,2022,2,2022,1,2,10
78,679019,703228,742843,215160,2022,2,2022,1,2,9
79,703228,691711,742843,215160,2022,2,2022,1,2,8
80,691711,682002,742843,215160,2022,2,2022,1,2,7
81,682002,684721,742843,215160,2022,2,2022,1,2,4
82,684721,710267,742843,215160,2022,2,2022,1,2,3
83,710267,708705,742843,215160,2022,2,2022,1,2,2
84,708705,742843,742843,215160,2022,2,2022,1,2,1
85,742843,642334,406108,215160,2022,2,2022,1,1,31
86,642334,641597,406108,215160,2022,2,2022,1,1,28
87,641597,639620,406108,215160,2022,2,2022,1,1,27
88,639620,646920,406108,215160,2022,2,2022,1,1,26
89,646920,619699,406108,215160,2022,2,2022,1,1,25
90,619699,598929,406108,215160,2022,2,2022,1,1,24
91,598929,601115,406108,215160,2022,2,2022,1,1,21
92,601115,580171,406108,215160,2022,2,2022,1,1,20
93,580171,586619,406108,215160,2022,2,2022,1,1,19
94,586619,453239,406108,215160,2022,2,2022,1,1,18
95,453239,441135,406108,215160,2022,2,2022,1,1,14
96,441135,489679,406108,215160,2022,2,2022,1,1,13
97,489679,507352,406108,215160,2022,2,2022,1,1,12
98,507352,447887,406108,215160,2022,2,2022,1,1,11
99,447887,436443,406108,215160,2022,2,2022,1,1,10
100,436443,440561,406108,215160,2022,2,2022,1,1,7
101,440561,434757,406108,215160,2022,2,2022,1,1,6
102,434757,424696,406108,215160,2022,2,2022,1,1,5
103,424696,366304,406108,215160,2022,2,2022,1,1,4
104,366304,406108,406108,215160,2022,2,2022,1,1,3
105,406108,284174,213153,215160,2022,1,2021,4,12,31
106,284174,283995,213153,215160,2022,1,2021,4,12,30
107,283995,268208,213153,215160,2022,1,2021,4,12,29
108,268208,202813,213153,215160,2022,1,2021,4,12,28
109,202813,183671,213153,215160,2022,1,2021,4,12,27
110,183671,176914,213153,215160,2022,1,2021,4,12,24
111,176914,197516,213153,215160,2022,1,2021,4,12,23
112,197516,146518,213153,215160,2022,1,2021,4,12,22
113,146518,64905,213153,215160,2022,1,2021,4,12,21
114,64905,47877,213153,215160,2022,1,2021,4,12,20
115,47877,42111,213153,215160,2022,1,2021,4,12,17
116,42111,58294,213153,215160,2022,1,2021,4,12,16
117,58294,79505,213153,215160,2022,1,2021,4,12,15
118,79505,133605,213153,215160,2022,1,2021,4,12,14
119,133605,114680,213153,215160,2022,1,2021,4,12,13
120,114680,118145,213153,215160,2022,1,2021,4,12,10
121,118145,125144,213153,215160,2022,1,2021,4,12,9
122,125144,144924,213153,215160,2022,1,2021,4,12,8
123,144924,106980,213153,215160,2022,1,2021,4,12,7
124,106980,101192,213153,215160,2022,1,2021,4,12,6
125,101192,125195,213153,215160,2022,1,2021,4,12,3
126,125195,159148,213153,215160,2022,1,2021,4,12,2
127,159148,213153,213153,215160,2022,1,2021,4,12,1
128,213153,143941,278023,215160,2022,1,2021,4,11,30
129,143941,137091,278023,215160,2022,1,2021,4,11,29
130,137091,141042,278023,215160,2022,1,2021,4,11,26
131,141042,165160,278023,215160,2022,1,2021,4,11,24
132,165160,163242,278023,215160,2022,1,2021,4,11,23
133,163242,170311,278023,215160,2022,1,2021,4,11,22
134,170311,168229,278023,215160,2022,1,2021,4,11,19
135,168229,178972,278023,215160,2022,1,2021,4,11,18
136,178972,198696,278023,215160,2022,1,2021,4,11,17
137,198696,211700,278023,215160,2022,1,2021,4,11,16
138,211700,219793,278023,215160,2022,1,2021,4,11,15
139,219793,231421,278023,215160,2022,1,2021,4,11,12
140,231421,255937,278023,215160,2022,1,2021,4,11,10
141,255937,270273,278023,215160,2022,1,2021,4,11,9
142,270273,263023,278023,215160,2022,1,2021,4,11,8
143,263023,268350,278023,215160,2022,1,2021,4,11,5
144,268350,286959,278023,215160,2022,1,2021,4,11,4
145,286959,311302,278023,215160,2022,1,2021,4,11,3
146,311302,269343,278023,215160,2022,1,2021,4,11,2
147,269343,278023,278023,215160,2022,1,2021,4,11,1
148,278023,259761,215160,215160,2022,1,2021,4,10,29
149,259761,236495,215160,215160,2022,1,2021,4,10,28
150,236495,261071,215160,215160,2022,1,2021,4,10,27
151,261071,219868,215160,215160,2022,1,2021,4,10,26
152,219868,208815,215160,215160,2022,1,2021,4,10,25
153,208815,149154,215160,215160,2022,1,2021,4,10,22
154,149154,117364,215160,215160,2022,1,2021,4,10,21
155,117364,132525,215160,215160,2022,1,2021,4,10,20
156,132525,134768,215160,215160,2022,1,2021,4,10,19
157,134768,50846,215160,215160,2022,1,2021,4,10,18
158,50846,46508,215160,215160,2022,1,2021,4,10,15
159,46508,72460,215160,215160,2022,1,2021,4,10,14
160,72460,58993,215160,215160,2022,1,2021,4,10,13
161,58993,81803,215160,215160,2022,1,2021,4,10,12
162,81803,86339,215160,215160,2022,1,2021,4,10,8
163,86339,95854,215160,215160,2022,1,2021,4,10,7
164,95854,99385,215160,215160,2022,1,2021,4,10,6
165,99385,141318,215160,215160,2022,1,2021,4,10,5
166,141318,132452,215160,215160,2022,1,2021,4,10,4
167,132452,215160,215160,215160,2022,1,2021,4,10,1
168,215160,173745,355984,1781679,2021,4,2021,3,9,30
169,173745,172920,355984,1781679,2021,4,2021,3,9,29
170,172920,217019,355984,1781679,2021,4,2021,3,9,28
171,217019,215533,355984,1781679,2021,4,2021,3,9,27
172,215533,173922,355984,1781679,2021,4,2021,3,9,24
173,173922,272679,355984,1781679,2021,4,2021,3,9,23
174,272679,295620,355984,1781679,2021,4,2021,3,9,22
175,295620,324877,355984,1781679,2021,4,2021,3,9,21
176,324877,315003,355984,1781679,2021,4,2021,3,9,20
177,315003,317970,355984,1781679,2021,4,2021,3,9,17
178,317970,344668,355984,1781679,2021,4,2021,3,9,16
179,344668,211227,355984,1781679,2021,4,2021,3,9,15
180,211227,225075,355984,1781679,2021,4,2021,3,9,14
181,225075,208035,355984,1781679,2021,4,2021,3,9,13
182,208035,207218,355984,1781679,2021,4,2021,3,9,10
183,207218,200702,355984,1781679,2021,4,2021,3,9,9
184,200702,231654,355984,1781679,2021,4,2021,3,9,8
185,231654,262488,355984,1781679,2021,4,2021,3,9,7
186,262488,292163,355984,1781679,2021,4,2021,3,9,3
187,292163,296934,355984,1781679,2021,4,2021,3,9,2
188,296934,355984,355984,1781679,2021,4,2021,3,9,1
189,355984,262895,459402,1781679,2021,4,2021,3,8,31
190,262895,262811,459402,1781679,2021,4,2021,3,8,30
191,262811,239304,459402,1781679,2021,4,2021,3,8,27
192,239304,258200,459402,1781679,2021,4,2021,3,8,26
193,258200,284110,459402,1781679,2021,4,2021,3,8,25
194,284110,317103,459402,1781679,2021,4,2021,3,8,24
195,317103,309820,459402,1781679,2021,4,2021,3,8,23
196,309820,321137,459402,1781679,2021,4,2021,3,8,20
197,321137,313651,459402,1781679,2021,4,2021,3,8,19
198,313651,338853,459402,1781679,2021,4,2021,3,8,18
199,338853,362012,459402,1781679,2021,4,2021,3,8,17
200,362012,335190,459402,1781679,2021,4,2021,3,8,16
201,335190,351572,459402,1781679,2021,4,2021,3,8,13
202,351572,389747,459402,1781679,2021,4,2021,3,8,12
203,389747,416199,459402,1781679,2021,4,2021,3,8,11
204,416199,444212,459402,1781679,2021,4,2021,3,8,10
205,444212,442557,459402,1781679,2021,4,2021,3,8,9
206,442557,466601,459402,1781679,2021,4,2021,3,8,6
207,466601,505871,459402,1781679,2021,4,2021,3,8,5
208,505871,507848,459402,1781679,2021,4,2021,3,8,4
209,507848,555569,459402,1781679,2021,4,2021,3,8,3
210,555569,459402,459402,1781679,2021,4,2021,3,8,2
211,459402,501179,851929,1781679,2021,4,2021,3,7,30
212,501179,536966,851929,1781679,2021,4,2021,3,7,29
213,536966,564799,851929,1781679,2021,4,2021,3,7,28
214,564799,591368,851929,1781679,2021,4,2021,3,7,27
215,591368,588083,851929,1781679,2021,4,2021,3,7,26
216,588083,590042,851929,1781679,2021,4,2021,3,7,23
217,590042,616294,851929,1781679,2021,4,2021,3,7,22
218,616294,647533,851929,1781679,2021,4,2021,3,7,21
219,647533,700041,851929,1781679,2021,4,2021,3,7,20
220,700041,697581,851929,1781679,2021,4,2021,3,7,19
221,697581,690107,851929,1781679,2021,4,2021,3,7,16
222,690107,657542,851929,1781679,2021,4,2021,3,7,15
223,657542,676800,851929,1781679,2021,4,2021,3,7,14
224,676800,718474,851929,1781679,2021,4,2021,3,7,13
225,718474,718092,851929,1781679,2021,4,2021,3,7,12
226,718092,727336,851929,1781679,2021,4,2021,3,7,9
227,727336,724898,851929,1781679,2021,4,2021,3,7,8
228,724898,733889,851929,1781679,2021,4,2021,3,7,7
229,733889,757682,851929,1781679,2021,4,2021,3,7,6
230,757682,784035,851929,1781679,2021,4,2021,3,7,2
231,784035,851929,851929,1781679,2021,4,2021,3,7,1
232,851929,711267,776700,1781679,2021,3,2021,2,6,30
233,711267,734915,776700,1781679,2021,3,2021,2,6,29
234,734915,733226,776700,1781679,2021,3,2021,2,6,28
235,733226,723946,776700,1781679,2021,3,2021,2,6,25
236,723946,733877,776700,1781679,2021,3,2021,2,6,24
237,733877,744249,776700,1781679,2021,3,2021,2,6,23
238,744249,745970,776700,1781679,2021,3,2021,2,6,22
239,745970,730159,776700,1781679,2021,3,2021,2,6,21
240,730159,728246,776700,1781679,2021,3,2021,2,6,18
241,728246,765114,776700,1781679,2021,3,2021,2,6,17
242,765114,765721,776700,1781679,2021,3,2021,2,6,16
243,765721,622178,776700,1781679,2021,3,2021,2,6,15
244,622178,597051,776700,1781679,2021,3,2021,2,6,14
245,597051,633055,776700,1781679,2021,3,2021,2,6,11
246,633055,673555,776700,1781679,2021,3,2021,2,6,10
247,673555,728517,776700,1781679,2021,3,2021,2,6,9
248,728517,737590,776700,1781679,2021,3,2021,2,6,8
249,737590,740611,776700,1781679,2021,3,2021,2,6,7
250,740611,750152,776700,1781679,2021,3,2021,2,6,4
251,750152,812087,776700,1781679,2021,3,2021,2,6,3
252,812087,817789,776700,1781679,2021,3,2021,2,6,2
253,817789,776700,776700,1781679,2021,3,2021,2,6,1
254,776700,745973,970716,1781679,2021,3,2021,2,5,28
255,745973,778912,970716,1781679,2021,3,2021,2,5,27
256,778912,800118,970716,1781679,2021,3,2021,2,5,26
257,800118,824521,970716,1781679,2021,3,2021,2,5,25
258,824521,816930,970716,1781679,2021,3,2021,2,5,24
259,816930,832974,970716,1781679,2021,3,2021,2,5,21
260,832974,860833,970716,1781679,2021,3,2021,2,5,20
261,860833,896013,970716,1781679,2021,3,2021,2,5,19
262,896013,939902,970716,1781679,2021,3,2021,2,5,18
263,939902,843078,970716,1781679,2021,3,2021,2,5,17
264,843078,836852,970716,1781679,2021,3,2021,2,5,14
265,836852,864253,970716,1781679,2021,3,2021,2,5,13
266,864253,885779,970716,1781679,2021,3,2021,2,5,12
267,885779,911337,970716,1781679,2021,3,2021,2,5,11
268,911337,906936,970716,1781679,2021,3,2021,2,5,10
269,906936,909277,970716,1781679,2021,3,2021,2,5,7
270,909277,946134,970716,1781679,2021,3,2021,2,5,6
271,946134,945860,970716,1781679,2021,3,2021,2,5,5
272,945860,968663,970716,1781679,2021,3,2021,2,5,4
273,968663,970716,970716,1781679,2021,3,2021,2,5,3
274,970716,903015,1121951,1781679,2021,3,2021,2,4,30
275,903015,932287,1121951,1781679,2021,3,2021,2,4,29
276,932287,958871,1121951,1781679,2021,3,2021,2,4,28
277,958871,982206,1121951,1781679,2021,3,2021,2,4,27
278,982206,974621,1121951,1781679,2021,3,2021,2,4,26
279,974621,976597,1121951,1781679,2021,3,2021,2,4,23
280,976597,1003443,1121951,1781679,2021,3,2021,2,4,22
281,1003443,1018382,1121951,1781679,2021,3,2021,2,4,21
282,1018382,1032722,1121951,1781679,2021,3,2021,2,4,20
283,1032722,1015480,1121951,1781679,2021,3,2021,2,4,19
284,1015480,1010328,1121951,1781679,2021,3,2021,2,4,16
285,1010328,921685,1121951,1781679,2021,3,2021,2,4,15
286,921685,924784,1121951,1781679,2021,3,2021,2,4,14
287,924784,932525,1121951,1781679,2021,3,2021,2,4,13
288,932525,923929,1121951,1781679,2021,3,2021,2,4,12
289,923929,924880,1121951,1781679,2021,3,2021,2,4,9
290,924880,954968,1121951,1781679,2021,3,2021,2,4,8
291,954968,994366,1121951,1781679,2021,3,2021,2,4,7
292,994366,1016158,1121951,1781679,2021,3,2021,2,4,6
293,1016158,1019804,1121951,1781679,2021,3,2021,2,4,5
294,1019804,1045816,1121951,1781679,2021,3,2021,2,4,2
295,1045816,1121951,1121951,1781679,2021,3,2021,2,4,1
296,1121951,1003516,1414465,1781679,2021,2,2021,1,3,31
297,1003516,1019013,1414465,1781679,2021,2,2021,1,3,30
298,1019013,1013861,1414465,1781679,2021,2,2021,1,3,29
299,1013861,994029,1414465,1781679,2021,2,2021,1,3,26
300,994029,1031908,1414465,1781679,2021,2,2021,1,3,25
301,1031908,1101256,1414465,1781679,2021,2,2021,1,3,24
302,1101256,1054770,1414465,1781679,2021,2,2021,1,3,23
303,1054770,1058913,1414465,1781679,2021,2,2021,1,3,22
304,1058913,1063289,1414465,1781679,2021,2,2021,1,3,19
305,1063289,1089501,1414465,1781679,2021,2,2021,1,3,18
306,1089501,1361274,1414465,1781679,2021,2,2021,1,3,17
307,1361274,1379152,1414465,1781679,2021,2,2021,1,3,16
308,1379152,1269979,1414465,1781679,2021,2,2021,1,3,15
309,1269979,1268214,1414465,1781679,2021,2,2021,1,3,12
310,1268214,1310273,1414465,1781679,2021,2,2021,1,3,11
311,1310273,1349174,1414465,1781679,2021,2,2021,1,3,10
312,1349174,1373951,1414465,1781679,2021,2,2021,1,3,9
313,1373951,1368265,1414465,1781679,2021,2,2021,1,3,8
314,1368265,1382253,1414465,1781679,2021,2,2021,1,3,5
315,1382253,1420238,1414465,1781679,2021,2,2021,1,3,4
316,1420238,1462558,1414465,1781679,2021,2,2021,1,3,3
317,1462558,1500687,1414465,1781679,2021,2,2021,1,3,2
318,1500687,1414465,1414465,1781679,2021,2,2021,1,3,1
319,1414465,1379961,1611352,1781679,2021,2,2021,1,2,26
320,1379961,1439646,1611352,1781679,2021,2,2021,1,2,25
321,1439646,1480606,1611352,1781679,2021,2,2021,1,2,24
322,1480606,1550121,1611352,1781679,2021,2,2021,1,2,23
323,1550121,1557254,1611352,1781679,2021,2,2021,1,2,22
324,1557254,1567702,1611352,1781679,2021,2,2021,1,2,19
325,1567702,1568893,1611352,1781679,2021,2,2021,1,2,18
326,1568893,1595279,1611352,1781679,2021,2,2021,1,2,17
327,1595279,1560063,1611352,1781679,2021,2,2021,1,2,16
328,1560063,1564862,1611352,1781679,2021,2,2021,1,2,12
329,1564862,1576744,1611352,1781679,2021,2,2021,1,2,11
330,1576744,1603403,1611352,1781679,2021,2,2021,1,2,10
331,1603403,1619357,1611352,1781679,2021,2,2021,1,2,9
332,1619357,1613958,1611352,1781679,2021,2,2021,1,2,8
333,1613958,1620963,1611352,1781679,2021,2,2021,1,2,5
334,1620963,1629729,1611352,1781679,2021,2,2021,1,2,4
335,1629729,1654919,1611352,1781679,2021,2,2021,1,2,3
336,1654919,1664596,1611352,1781679,2021,2,2021,1,2,2
337,1664596,1611352,1611352,1781679,2021,2,2021,1,2,1
338,1611352,1593973,1728569,1781679,2021,2,2021,1,1,29
339,1593973,1613377,1728569,1781679,2021,2,2021,1,1,28
340,1613377,1631783,1728569,1781679,2021,2,2021,1,1,27
341,1631783,1641392,1728569,1781679,2021,2,2021,1,1,26
342,1641392,1636166,1728569,1781679,2021,2,2021,1,1,25
343,1636166,1639728,1728569,1781679,2021,2,2021,1,1,22
344,1639728,1638331,1728569,1781679,2021,2,2021,1,1,21
345,1638331,1652048,1728569,1781679,2021,2,2021,1,1,20
346,1652048,1630897,1728569,1781679,2021,2,2021,1,1,19
347,1630897,1574375,1728569,1781679,2021,2,2021,1,1,15
348,1574375,1575875,1728569,1781679,2021,2,2021,1,1,14
349,1575875,1592556,1728569,1781679,2021,2,2021,1,1,13
350,1592556,1601940,1728569,1781679,2021,2,2021,1,1,12
351,1601940,1592940,1728569,1781679,2021,2,2021,1,1,11
352,1592940,1576756,1728569,1781679,2021,2,2021,1,1,8
353,1576756,1607396,1728569,1781679,2021,2,2021,1,1,7
354,1607396,1600257,1728569,1781679,2021,2,2021,1,1,6
355,1600257,1563361,1728569,1781679,2021,2,2021,1,1,5
356,1563361,1728569,1728569,1781679,2021,2,2021,1,1,4
357,1728569,1613514,1622986,1781679,2021,1,2020,4,12,31
358,1613514,1606627,1622986,1781679,2021,1,2020,4,12,30
359,1606627,1611761,1622986,1781679,2021,1,2020,4,12,29
360,1611761,1576370,1622986,1781679,2021,1,2020,4,12,28
361,1576370,1583308,1622986,1781679,2021,1,2020,4,12,24
362,1583308,1603478,1622986,1781679,2021,1,2020,4,12,23
363,1603478,1609289,1622986,1781679,2021,1,2020,4,12,22
364,1609289,1605924,1622986,1781679,2021,1,2020,4,12,21
365,1605924,1603000,1622986,1781679,2021,1,2020,4,12,18
366,1603000,1615873,1622986,1781679,2021,1,2020,4,12,17
367,1615873,1620613,1622986,1781679,2021,1,2020,4,12,16
368,1620613,1507694,1622986,1781679,2021,1,2020,4,12,15
369,1507694,1491532,1622986,1781679,2021,1,2020,4,12,14
370,1491532,1489111,1622986,1781679,2021,1,2020,4,12,11
371,1489111,1502361,1622986,1781679,2021,1,2020,4,12,10
372,1502361,1528113,1622986,1781679,2021,1,2020,4,12,9
373,1528113,1542507,1622986,1781679,2021,1,2020,4,12,8
374,1542507,1541553,1622986,1781679,2021,1,2020,4,12,7
375,1541553,1542061,1622986,1781679,2021,1,2020,4,12,4
376,1542061,1557239,1622986,1781679,2021,1,2020,4,12,3
377,1557239,1559909,1622986,1781679,2021,1,2020,4,12,2
378,1559909,1622986,1622986,1781679,2021,1,2020,4,12,1
379,1622986,1497733,1598798,1781679,2021,1,2020,4,11,30
380,1497733,1484036,1598798,1781679,2021,1,2020,4,11,27
381,1484036,1508389,1598798,1781679,2021,1,2020,4,11,25
382,1508389,1524043,1598798,1781679,2021,1,2020,4,11,24
383,1524043,1523945,1598798,1781679,2021,1,2020,4,11,23
384,1523945,1532201,1598798,1781679,2021,1,2020,4,11,20
385,1532201,1546924,1598798,1781679,2021,1,2020,4,11,19
386,1546924,1562437,1598798,1781679,2021,1,2020,4,11,18
387,1562437,1583700,1598798,1781679,2021,1,2020,4,11,17
388,1583700,1548695,1598798,1781679,2021,1,2020,4,11,16
389,1548695,1559098,1598798,1781679,2021,1,2020,4,11,13
390,1559098,1570768,1598798,1781679,2021,1,2020,4,11,12
391,1570768,1613526,1598798,1781679,2021,1,2020,4,11,10
392,1613526,1611360,1598798,1781679,2021,1,2020,4,11,9
393,1611360,1616716,1598798,1781679,2021,1,2020,4,11,6
394,1616716,1618568,1598798,1781679,2021,1,2020,4,11,5
395,1618568,1618498,1598798,1781679,2021,1,2020,4,11,4
396,1618498,1668478,1598798,1781679,2021,1,2020,4,11,3
397,1668478,1598798,1598798,1781679,2021,1,2020,4,11,2
398,1598798,1647480,1781679,1781679,2021,1,2020,4,10,30
399,1647480,1653039,1781679,1781679,2021,1,2020,4,10,29
400,1653039,1673293,1781679,1781679,2021,1,2020,4,10,28
401,1673293,1690216,1781679,1781679,2021,1,2020,4,10,27
402,1690216,1687789,1781679,1781679,2021,1,2020,4,10,26
403,1687789,1686614,1781679,1781679,2021,1,2020,4,10,23
404,1686614,1699497,1781679,1781679,2021,1,2020,4,10,22
405,1699497,1718520,1781679,1781679,2021,1,2020,4,10,21
406,1718520,1736903,1781679,1781679,2021,1,2020,4,10,20
407,1736903,1731394,1781679,1781679,2021,1,2020,4,10,19
408,1731394,1724441,1781679,1781679,2021,1,2020,4,10,16
409,1724441,1647937,1781679,1781679,2021,1,2020,4,10,15
410,1647937,1672917,1781679,1781679,2021,1,2020,4,10,14
411,1672917,1688155,1781679,1781679,2021,1,2020,4,10,13
412,1688155,1693511,1781679,1781679,2021,1,2020,4,10,9
413,1693511,1687434,1781679,1781679,2021,1,2020,4,10,8
414,1687434,1682129,1781679,1781679,2021,1,2020,4,10,7
415,1682129,1699085,1781679,1781679,2021,1,2020,4,10,6
416,1699085,1696491,1781679,1781679,2021,1,2020,4,10,5
417,1696491,1721399,1781679,1781679,2021,1,2020,4,10,2
418,1721399,1781679,1781679,1781679,2021,1,2020,4,10,1
419,1781679,1655158,1705982,382483,2020,4,2020,3,9,30
420,1655158,1667836,1705982,382483,2020,4,2020,3,9,29
421,1667836,1666330,1705982,382483,2020,4,2020,3,9,28
422,1666330,1650402,1705982,382483,2020,4,2020,3,9,25
423,1650402,1661732,1705982,382483,2020,4,2020,3,9,24
424,1661732,1672796,1705982,382483,2020,4,2020,3,9,23
425,1672796,1689647,1705982,382483,2020,4,2020,3,9,22
426,1689647,1684759,1705982,382483,2020,4,2020,3,9,21
427,1684759,1686360,1705982,382483,2020,4,2020,3,9,18
428,1686360,1692809,1705982,382483,2020,4,2020,3,9,17
429,1692809,1691058,1705982,382483,2020,4,2020,3,9,16
430,1691058,1596094,1705982,382483,2020,4,2020,3,9,15
431,1596094,1581016,1705982,382483,2020,4,2020,3,9,14
432,1581016,1580972,1705982,382483,2020,4,2020,3,9,11
433,1580972,1570533,1705982,382483,2020,4,2020,3,9,10
434,1570533,1591491,1705982,382483,2020,4,2020,3,9,9
435,1591491,1621785,1705982,382483,2020,4,2020,3,9,8
436,1621785,1628420,1705982,382483,2020,4,2020,3,9,4
437,1628420,1651823,1705982,382483,2020,4,2020,3,9,3
438,1651823,1652933,1705982,382483,2020,4,2020,3,9,2
439,1652933,1705982,1705982,382483,2020,4,2020,3,9,1
440,1705982,1620187,1763090,382483,2020,4,2020,3,8,31
441,1620187,1602817,1763090,382483,2020,4,2020,3,8,28
442,1602817,1607449,1763090,382483,2020,4,2020,3,8,27
443,1607449,1629281,1763090,382483,2020,4,2020,3,8,26
444,1629281,1627631,1763090,382483,2020,4,2020,3,8,25
445,1627631,1621385,1763090,382483,2020,4,2020,3,8,24
446,1621385,1630312,1763090,382483,2020,4,2020,3,8,21
447,1630312,1636393,1763090,382483,2020,4,2020,3,8,20
448,1636393,1655467,1763090,382483,2020,4,2020,3,8,19
449,1655467,1663881,1763090,382483,2020,4,2020,3,8,18
450,1663881,1635886,1763090,382483,2020,4,2020,3,8,17
451,1635886,1641133,1763090,382483,2020,4,2020,3,8,14
452,1641133,1635143,1763090,382483,2020,4,2020,3,8,13
453,1635143,1654869,1763090,382483,2020,4,2020,3,8,12
454,1654869,1676455,1763090,382483,2020,4,2020,3,8,11
455,1676455,1678144,1763090,382483,2020,4,2020,3,8,10
456,1678144,1687233,1763090,382483,2020,4,2020,3,8,7
457,1687233,1706637,1763090,382483,2020,4,2020,3,8,6
458,1706637,1708214,1763090,382483,2020,4,2020,3,8,5
459,1708214,1745136,1763090,382483,2020,4,2020,3,8,4
460,1745136,1763090,1763090,382483,2020,4,2020,3,8,3
461,1763090,1767341,1722032,382483,2020,4,2020,3,7,31
462,1767341,1792434,1722032,382483,2020,4,2020,3,7,30
463,1792434,1795511,1722032,382483,2020,4,2020,3,7,29
464,1795511,1830546,1722032,382483,2020,4,2020,3,7,28
465,1830546,1825498,1722032,382483,2020,4,2020,3,7,27
466,1825498,1821824,1722032,382483,2020,4,2020,3,7,24
467,1821824,1777180,1722032,382483,2020,4,2020,3,7,23
468,1777180,1794448,1722032,382483,2020,4,2020,3,7,22
469,1794448,1817270,1722032,382483,2020,4,2020,3,7,21
470,1817270,1812801,1722032,382483,2020,4,2020,3,7,20
471,1812801,1807305,1722032,382483,2020,4,2020,3,7,17
472,1807305,1740455,1722032,382483,2020,4,2020,3,7,16
473,1740455,1627709,1722032,382483,2020,4,2020,3,7,15
474,1627709,1653555,1722032,382483,2020,4,2020,3,7,14
475,1653555,1641080,1722032,382483,2020,4,2020,3,7,13
476,1641080,1642285,1722032,382483,2020,4,2020,3,7,10
477,1642285,1624404,1722032,382483,2020,4,2020,3,7,9
478,1624404,1642079,1722032,382483,2020,4,2020,3,7,8
479,1642079,1660660,1722032,382483,2020,4,2020,3,7,7
480,1660660,1661799,1722032,382483,2020,4,2020,3,7,6
481,1661799,1659147,1722032,382483,2020,4,2020,3,7,3
482,1659147,1656747,1722032,382483,2020,4,2020,3,7,2
483,1656747,1722032,1722032,382483,2020,4,2020,3,7,1
484,1722032,1644690,1449129,382483,2020,3,2020,2,6,30
485,1644690,1647248,1449129,382483,2020,3,2020,2,6,29
486,1647248,1638128,1449129,382483,2020,3,2020,2,6,26
487,1638128,1586573,1449129,382483,2020,3,2020,2,6,25
488,1586573,1612877,1449129,382483,2020,3,2020,2,6,24
489,1612877,1626909,1449129,382483,2020,3,2020,2,6,23
490,1626909,1635527,1449129,382483,2020,3,2020,2,6,22
491,1635527,1634655,1449129,382483,2020,3,2020,2,6,19
492,1634655,1565306,1449129,382483,2020,3,2020,2,6,18
493,1565306,1588615,1449129,382483,2020,3,2020,2,6,17
494,1588615,1597571,1449129,382483,2020,3,2020,2,6,16
495,1597571,1541349,1449129,382483,2020,3,2020,2,6,15
496,1541349,1550414,1449129,382483,2020,3,2020,2,6,12
497,1550414,1504569,1449129,382483,2020,3,2020,2,6,11
498,1504569,1535311,1449129,382483,2020,3,2020,2,6,10
499,1535311,1520809,1449129,382483,2020,3,2020,2,6,9
500,1520809,1494494,1449129,382483,2020,3,2020,2,6,8
501,1494494,1501733,1449129,382483,2020,3,2020,2,6,5
502,1501733,1431462,1449129,382483,2020,3,2020,2,6,4
503,1431462,1455494,1449129,382483,2020,3,2020,2,6,3
504,1455494,1394436,1449129,382483,2020,3,2020,2,6,2
505,1394436,1449129,1449129,382483,2020,3,2020,2,6,1
506,1449129,1414981,1180035,382483,2020,3,2020,2,5,29
507,1414981,1326897,1180035,382483,2020,3,2020,2,5,28
508,1326897,1364378,1180035,382483,2020,3,2020,2,5,27
509,1364378,1302819,1180035,382483,2020,3,2020,2,5,26
510,1302819,1270885,1180035,382483,2020,3,2020,2,5,22
511,1270885,1193297,1180035,382483,2020,3,2020,2,5,21
512,1193297,1218209,1180035,382483,2020,3,2020,2,5,20
513,1218209,1188332,1180035,382483,2020,3,2020,2,5,19
514,1188332,1185006,1180035,382483,2020,3,2020,2,5,18
515,1185006,1206011,1180035,382483,2020,3,2020,2,5,15
516,1206011,1138172,1180035,382483,2020,3,2020,2,5,14
517,1138172,1172993,1180035,382483,2020,3,2020,2,5,13
518,1172993,1151999,1180035,382483,2020,3,2020,2,5,12
519,1151999,1193614,1180035,382483,2020,3,2020,2,5,11
520,1193614,1198455,1180035,382483,2020,3,2020,2,5,8
521,1198455,1143268,1180035,382483,2020,3,2020,2,5,7
522,1143268,1167077,1180035,382483,2020,3,2020,2,5,6
523,1167077,1099175,1180035,382483,2020,3,2020,2,5,5
524,1099175,1100958,1180035,382483,2020,3,2020,2,5,4
525,1100958,1180035,1180035,382483,2020,3,2020,2,5,1
526,1180035,1076232,515257,382483,2020,3,2020,2,4,30
527,1076232,1040169,515257,382483,2020,3,2020,2,4,29
528,1040169,961804,515257,382483,2020,3,2020,2,4,28
529,961804,965931,515257,382483,2020,3,2020,2,4,27
530,965931,1006551,515257,382483,2020,3,2020,2,4,24
531,1006551,949999,515257,382483,2020,3,2020,2,4,23
532,949999,924544,515257,382483,2020,3,2020,2,4,22
533,924544,857911,515257,382483,2020,3,2020,2,4,21
534,857911,889042,515257,382483,2020,3,2020,2,4,20
535,889042,909739,515257,382483,2020,3,2020,2,4,17
536,909739,856155,515257,382483,2020,3,2020,2,4,16
537,856155,958940,515257,382483,2020,3,2020,2,4,15
538,958940,868878,515257,382483,2020,3,2020,2,4,14
539,868878,881941,515257,382483,2020,3,2020,2,4,13
540,881941,898910,515257,382483,2020,3,2020,2,4,10
541,898910,827178,515257,382483,2020,3,2020,2,4,9
542,827178,750414,515257,382483,2020,3,2020,2,4,8
543,750414,676457,515257,382483,2020,3,2020,2,4,7
544,676457,673488,515257,382483,2020,3,2020,2,4,6
545,673488,615537,515257,382483,2020,3,2020,2,4,3
546,615537,506933,515257,382483,2020,3,2020,2,4,2
547,506933,515257,515257,382483,2020,3,2020,2,4,1
548,515257,407730,357251,382483,2020,2,2020,1,3,31
549,407730,397619,357251,382483,2020,2,2020,1,3,30
550,397619,382097,357251,382483,2020,2,2020,1,3,27
551,382097,384890,357251,382483,2020,2,2020,1,3,26
552,384890,410766,357251,382483,2020,2,2020,1,3,25
553,410766,394910,357251,382483,2020,2,2020,1,3,24
554,394910,382896,357251,382483,2020,2,2020,1,3,23
555,382896,392511,357251,382483,2020,2,2020,1,3,20
556,392511,401354,357251,382483,2020,2,2020,1,3,19
557,401354,422448,357251,382483,2020,2,2020,1,3,18
558,422448,417801,357251,382483,2020,2,2020,1,3,17
559,417801,325866,357251,382483,2020,2,2020,1,3,16
560,325866,318828,357251,382483,2020,2,2020,1,3,13
561,318828,372337,357251,382483,2020,2,2020,1,3,12
562,372337,395134,357251,382483,2020,2,2020,1,3,11
563,395134,390574,357251,382483,2020,2,2020,1,3,10
564,390574,375464,357251,382483,2020,2,2020,1,3,9
565,375464,379451,357251,382483,2020,2,2020,1,3,6
566,379451,381302,357251,382483,2020,2,2020,1,3,5
567,381302,386591,357251,382483,2020,2,2020,1,3,4
568,386591,403798,357251,382483,2020,2,2020,1,3,3
569,403798,357251,357251,382483,2020,2,2020,1,3,2
570,357251,378164,403983,382483,2020,2,2020,1,2,28
571,378164,387615,403983,382483,2020,2,2020,1,2,27
572,387615,469710,403983,382483,2020,2,2020,1,2,26
573,469710,450799,403983,382483,2020,2,2020,1,2,25
574,450799,441313,403983,382483,2020,2,2020,1,2,24
575,441313,443494,403983,382483,2020,2,2020,1,2,21
576,443494,421051,403983,382483,2020,2,2020,1,2,20
577,421051,445806,403983,382483,2020,2,2020,1,2,19
578,445806,427327,403983,382483,2020,2,2020,1,2,18
579,427327,425468,403983,382483,2020,2,2020,1,2,14
580,425468,404341,403983,382483,2020,2,2020,1,2,13
581,404341,432191,403983,382483,2020,2,2020,1,2,12
582,432191,414251,403983,382483,2020,2,2020,1,2,11
583,414251,405658,403983,382483,2020,2,2020,1,2,10
584,405658,410904,403983,382483,2020,2,2020,1,2,7
585,410904,416585,403983,382483,2020,2,2020,1,2,6
586,416585,417779,403983,382483,2020,2,2020,1,2,5
587,417779,401010,403983,382483,2020,2,2020,1,2,4
588,401010,403983,403983,382483,2020,2,2020,1,2,3
589,403983,445933,403853,382483,2020,2,2020,1,1,31
590,445933,450537,403853,382483,2020,2,2020,1,1,30
591,450537,443253,403853,382483,2020,2,2020,1,1,29
592,443253,435639,403853,382483,2020,2,2020,1,1,28
593,435639,424554,403853,382483,2020,2,2020,1,1,27
594,424554,421339,403853,382483,2020,2,2020,1,1,24
595,421339,411708,403853,382483,2020,2,2020,1,1,23
596,411708,415874,403853,382483,2020,2,2020,1,1,22
597,415874,401053,403853,382483,2020,2,2020,1,1,21
598,401053,395791,403853,382483,2020,2,2020,1,1,17
599,395791,380802,403853,382483,2020,2,2020,1,1,16
600,380802,348006,403853,382483,2020,2,2020,1,1,15
601,348006,357137,403853,382483,2020,2,2020,1,1,14
602,357137,342514,403853,382483,2020,2,2020,1,1,13
603,342514,343421,403853,382483,2020,2,2020,1,1,10
604,343421,350840,403853,382483,2020,2,2020,1,1,9
605,350840,365660,403853,382483,2020,2,2020,1,1,8
606,365660,378421,403853,382483,2020,2,2020,1,1,7
607,378421,363919,403853,382483,2020,2,2020,1,1,6
608,363919,382335,403853,382483,2020,2,2020,1,1,3
609,382335,403853,403853,382483,2020,2,2020,1,1,2
610,403853,391180,342618,382483,2020,1,2019,4,12,31
611,391180,374776,342618,382483,2020,1,2019,4,12,30
612,374776,354659,342618,382483,2020,1,2019,4,12,27
613,354659,351934,342618,382483,2020,1,2019,4,12,26
614,351934,387129,342618,382483,2020,1,2019,4,12,24
615,387129,370111,342618,382483,2020,1,2019,4,12,23
616,370111,373409,342618,382483,2020,1,2019,4,12,20
617,373409,378573,342618,382483,2020,1,2019,4,12,19
618,378573,387575,342618,382483,2020,1,2019,4,12,18
619,387575,401451,342618,382483,2020,1,2019,4,12,17
620,401451,293216,342618,382483,2020,1,2019,4,12,16
621,293216,280898,342618,382483,2020,1,2019,4,12,13
622,280898,304160,342618,382483,2020,1,2019,4,12,12
623,304160,316010,342618,382483,2020,1,2019,4,12,11
624,316010,340756,342618,382483,2020,1,2019,4,12,10
625,340756,331960,342618,382483,2020,1,2019,4,12,9
626,331960,331250,342618,382483,2020,1,2019,4,12,6
627,331250,338453,342618,382483,2020,1,2019,4,12,5
628,338453,332247,342618,382483,2020,1,2019,4,12,4
629,332247,371347,342618,382483,2020,1,2019,4,12,3
630,371347,342618,342618,382483,2020,1,2019,4,12,2
631,342618,358896,434942,382483,2020,1,2019,4,11,29
632,358896,374167,434942,382483,2020,1,2019,4,11,27
633,374167,369284,434942,382483,2020,1,2019,4,11,26
634,369284,355420,434942,382483,2020,1,2019,4,11,25
635,355420,357980,434942,382483,2020,1,2019,4,11,22
636,357980,357551,434942,382483,2020,1,2019,4,11,21
637,357551,376080,434942,382483,2020,1,2019,4,11,20
638,376080,380068,434942,382483,2020,1,2019,4,11,19
639,380068,361698,434942,382483,2020,1,2019,4,11,18
640,361698,382896,434942,382483,2020,1,2019,4,11,15
641,382896,370185,434942,382483,2020,1,2019,4,11,14
642,370185,393834,434942,382483,2020,1,2019,4,11,13
643,393834,381727,434942,382483,2020,1,2019,4,11,12
644,381727,382761,434942,382483,2020,1,2019,4,11,8
645,382761,378184,434942,382483,2020,1,2019,4,11,7
646,378184,373672,434942,382483,2020,1,2019,4,11,6
647,373672,370080,434942,382483,2020,1,2019,4,11,5
648,370080,360775,434942,382483,2020,1,2019,4,11,4
649,360775,434942,434942,382483,2020,1,2019,4,11,1
650,434942,400616,382483,382483,2020,1,2019,4,10,31
651,400616,400905,382483,382483,2020,1,2019,4,10,30
652,400905,393739,382483,382483,2020,1,2019,4,10,29
653,393739,383655,382483,382483,2020,1,2019,4,10,28
654,383655,382885,382483,382483,2020,1,2019,4,10,25
655,382885,375170,382483,382483,2020,1,2019,4,10,24
656,375170,384216,382483,382483,2020,1,2019,4,10,23
657,384216,379070,382483,382483,2020,1,2019,4,10,22
658,379070,376290,382483,382483,2020,1,2019,4,10,21
659,376290,378567,382483,382483,2020,1,2019,4,10,18
660,378567,361497,382483,382483,2020,1,2019,4,10,17
661,361497,369111,382483,382483,2020,1,2019,4,10,16
662,369111,308479,382483,382483,2020,1,2019,4,10,15
663,308479,307701,382483,382483,2020,1,2019,4,10,11
664,307701,297389,382483,382483,2020,1,2019,4,10,10
665,297389,313105,382483,382483,2020,1,2019,4,10,9
666,313105,330055,382483,382483,2020,1,2019,4,10,8
667,330055,321687,382483,382483,2020,1,2019,4,10,7
668,321687,321728,382483,382483,2020,1,2019,4,10,4
669,321728,335185,382483,382483,2020,1,2019,4,10,3
670,335185,328321,382483,382483,2020,1,2019,4,10,2
671,328321,382483,382483,382483,2020,1,2019,4,10,1
672,382483,330276,133091,384713,2019,4,2019,3,9,30
673,330276,309380,133091,384713,2019,4,2019,3,9,27
674,309380,305810,133091,384713,2019,4,2019,3,9,26
675,305810,323460,133091,384713,2019,4,2019,3,9,25
676,323460,324733,133091,384713,2019,4,2019,3,9,24
677,324733,310506,133091,384713,2019,4,2019,3,9,23
678,310506,313799,133091,384713,2019,4,2019,3,9,20
679,313799,303057,133091,384713,2019,4,2019,3,9,19
680,303057,307731,133091,384713,2019,4,2019,3,9,18
681,307731,298755,133091,384713,2019,4,2019,3,9,17
682,298755,215579,133091,384713,2019,4,2019,3,9,16
683,215579,195302,133091,384713,2019,4,2019,3,9,13
684,195302,183581,133091,384713,2019,4,2019,3,9,12
685,183581,193989,133091,384713,2019,4,2019,3,9,11
686,193989,190398,133091,384713,2019,4,2019,3,9,10
687,190398,181508,133091,384713,2019,4,2019,3,9,9
688,181508,184901,133091,384713,2019,4,2019,3,9,6
689,184901,174779,133091,384713,2019,4,2019,3,9,5
690,174779,177181,133091,384713,2019,4,2019,3,9,4
691,177181,133091,133091,384713,2019,4,2019,3,9,3
692,133091,156856,176662,384713,2019,4,2019,3,8,30
693,156856,150146,176662,384713,2019,4,2019,3,8,29
694,150146,165326,176662,384713,2019,4,2019,3,8,28
695,165326,146691,176662,384713,2019,4,2019,3,8,27
696,146691,139037,176662,384713,2019,4,2019,3,8,26
697,139037,142425,176662,384713,2019,4,2019,3,8,23
698,142425,131447,176662,384713,2019,4,2019,3,8,22
699,131447,145898,176662,384713,2019,4,2019,3,8,21
700,145898,128669,176662,384713,2019,4,2019,3,8,20
701,128669,120765,176662,384713,2019,4,2019,3,8,19
702,120765,111766,176662,384713,2019,4,2019,3,8,16
703,111766,130981,176662,384713,2019,4,2019,3,8,15
704,130981,144667,176662,384713,2019,4,2019,3,8,14
705,144667,132745,176662,384713,2019,4,2019,3,8,13
706,132745,125213,176662,384713,2019,4,2019,3,8,12
707,125213,125667,176662,384713,2019,4,2019,3,8,9
708,125667,133077,176662,384713,2019,4,2019,3,8,8
709,133077,129108,176662,384713,2019,4,2019,3,8,7
710,129108,141111,176662,384713,2019,4,2019,3,8,6
711,141111,133666,176662,384713,2019,4,2019,3,8,5
712,133666,117629,176662,384713,2019,4,2019,3,8,2
713,117629,176662,176662,384713,2019,4,2019,3,8,1
714,176662,161081,263709,384713,2019,4,2019,3,7,31
715,161081,170082,263709,384713,2019,4,2019,3,7,30
716,170082,159064,263709,384713,2019,4,2019,3,7,29
717,159064,161323,263709,384713,2019,4,2019,3,7,26
718,161323,178227,263709,384713,2019,4,2019,3,7,25
719,178227,194645,263709,384713,2019,4,2019,3,7,24
720,194645,200842,263709,384713,2019,4,2019,3,7,23
721,200842,195443,263709,384713,2019,4,2019,3,7,22
722,195443,193492,263709,384713,2019,4,2019,3,7,19
723,193492,206203,263709,384713,2019,4,2019,3,7,18
724,206203,221578,263709,384713,2019,4,2019,3,7,17
725,221578,223382,263709,384713,2019,4,2019,3,7,16
726,223382,181379,263709,384713,2019,4,2019,3,7,15
727,181379,183735,263709,384713,2019,4,2019,3,7,12
728,183735,195226,263709,384713,2019,4,2019,3,7,11
729,195226,210858,263709,384713,2019,4,2019,3,7,10
730,210858,219246,263709,384713,2019,4,2019,3,7,9
731,219246,210522,263709,384713,2019,4,2019,3,7,8
732,210522,220911,263709,384713,2019,4,2019,3,7,5
733,220911,239653,263709,384713,2019,4,2019,3,7,3
734,239653,242627,263709,384713,2019,4,2019,3,7,2
735,242627,263709,263709,384713,2019,4,2019,3,7,1
736,263709,222822,232874,384713,2019,3,2019,2,6,28
737,222822,240909,232874,384713,2019,3,2019,2,6,27
738,240909,255080,232874,384713,2019,3,2019,2,6,26
739,255080,263915,232874,384713,2019,3,2019,2,6,25
740,263915,246052,232874,384713,2019,3,2019,2,6,24
741,246052,240054,232874,384713,2019,3,2019,2,6,21
742,240054,258641,232874,384713,2019,3,2019,2,6,20
743,258641,263642,232874,384713,2019,3,2019,2,6,19
744,263642,265790,232874,384713,2019,3,2019,2,6,18
745,265790,153849,232874,384713,2019,3,2019,2,6,17
746,153849,139168,232874,384713,2019,3,2019,2,6,14
747,139168,173062,232874,384713,2019,3,2019,2,6,13
748,173062,183097,232874,384713,2019,3,2019,2,6,12
749,183097,199119,232874,384713,2019,3,2019,2,6,11
750,199119,189662,232874,384713,2019,3,2019,2,6,10
751,189662,188654,232874,384713,2019,3,2019,2,6,7
752,188654,207647,232874,384713,2019,3,2019,2,6,6
753,207647,204066,232874,384713,2019,3,2019,2,6,5
754,204066,221319,232874,384713,2019,3,2019,2,6,4
755,221319,232874,232874,384713,2019,3,2019,2,6,3
756,232874,233808,422586,384713,2019,3,2019,2,5,31
757,233808,249011,422586,384713,2019,3,2019,2,5,30
758,249011,250731,422586,384713,2019,3,2019,2,5,29
759,250731,246420,422586,384713,2019,3,2019,2,5,28
760,246420,249017,422586,384713,2019,3,2019,2,5,24
761,249017,264581,422586,384713,2019,3,2019,2,5,23
762,264581,281013,422586,384713,2019,3,2019,2,5,22
763,281013,291346,422586,384713,2019,3,2019,2,5,21
764,291346,285010,422586,384713,2019,3,2019,2,5,20
765,285010,288080,422586,384713,2019,3,2019,2,5,17
766,288080,294969,422586,384713,2019,3,2019,2,5,16
767,294969,330430,422586,384713,2019,3,2019,2,5,15
768,330430,333924,422586,384713,2019,3,2019,2,5,14
769,333924,326819,422586,384713,2019,3,2019,2,5,13
770,326819,326721,422586,384713,2019,3,2019,2,5,10
771,326721,344461,422586,384713,2019,3,2019,2,5,9
772,344461,361375,422586,384713,2019,3,2019,2,5,8
773,361375,348084,422586,384713,2019,3,2019,2,5,7
774,348084,340557,422586,384713,2019,3,2019,2,5,6
775,340557,362909,422586,384713,2019,3,2019,2,5,3
776,362909,368764,422586,384713,2019,3,2019,2,5,2
777,368764,422586,422586,384713,2019,3,2019,2,5,1
778,422586,414335,334012,384713,2019,3,2019,2,4,30
779,414335,401162,334012,384713,2019,3,2019,2,4,29
780,401162,394315,334012,384713,2019,3,2019,2,4,26
781,394315,398916,334012,384713,2019,3,2019,2,4,25
782,398916,416992,334012,384713,2019,3,2019,2,4,24
783,416992,388844,334012,384713,2019,3,2019,2,4,23
784,388844,364539,334012,384713,2019,3,2019,2,4,22
785,364539,351845,334012,384713,2019,3,2019,2,4,19
786,351845,369365,334012,384713,2019,3,2019,2,4,18
787,369365,356274,334012,384713,2019,3,2019,2,4,17
788,356274,317915,334012,384713,2019,3,2019,2,4,16
789,317915,243935,334012,384713,2019,3,2019,2,4,15
790,243935,221493,334012,384713,2019,3,2019,2,4,12
791,221493,245664,334012,384713,2019,3,2019,2,4,11
792,245664,260472,334012,384713,2019,3,2019,2,4,10
793,260472,273795,334012,384713,2019,3,2019,2,4,9
794,273795,264187,334012,384713,2019,3,2019,2,4,8
795,264187,265825,334012,384713,2019,3,2019,2,4,5
796,265825,270470,334012,384713,2019,3,2019,2,4,4
797,270470,295524,334012,384713,2019,3,2019,2,4,3
798,295524,307320,334012,384713,2019,3,2019,2,4,2
799,307320,334012,334012,384713,2019,3,2019,2,4,1
800,334012,295961,290665,384713,2019,2,2019,1,3,29
801,295961,295593,290665,384713,2019,2,2019,1,3,28
802,295593,320547,290665,384713,2019,2,2019,1,3,27
803,320547,318195,290665,384713,2019,2,2019,1,3,26
804,318195,309955,290665,384713,2019,2,2019,1,3,25
805,309955,311880,290665,384713,2019,2,2019,1,3,22
806,311880,314749,290665,384713,2019,2,2019,1,3,21
807,314749,337761,290665,384713,2019,2,2019,1,3,20
808,337761,328710,290665,384713,2019,2,2019,1,3,19
809,328710,300825,290665,384713,2019,2,2019,1,3,18
810,300825,241667,290665,384713,2019,2,2019,1,3,15
811,241667,238381,290665,384713,2019,2,2019,1,3,14
812,238381,262271,290665,384713,2019,2,2019,1,3,13
813,262271,255500,290665,384713,2019,2,2019,1,3,12
814,255500,240931,290665,384713,2019,2,2019,1,3,11
815,240931,242860,290665,384713,2019,2,2019,1,3,8
816,242860,213611,290665,384713,2019,2,2019,1,3,7
817,213611,218308,290665,384713,2019,2,2019,1,3,6
818,218308,213030,290665,384713,2019,2,2019,1,3,5
819,213030,201566,290665,384713,2019,2,2019,1,3,4
820,201566,290665,290665,384713,2019,2,2019,1,3,1
821,290665,266024,403597,384713,2019,2,2019,1,2,28
822,266024,326153,403597,384713,2019,2,2019,1,2,27
823,326153,324761,403597,384713,2019,2,2019,1,2,26
824,324761,311876,403597,384713,2019,2,2019,1,2,25
825,311876,321454,403597,384713,2019,2,2019,1,2,22
826,321454,331003,403597,384713,2019,2,2019,1,2,21
827,331003,357688,403597,384713,2019,2,2019,1,2,20
828,357688,321808,403597,384713,2019,2,2019,1,2,19
829,321808,361347,403597,384713,2019,2,2019,1,2,15
830,361347,375119,403597,384713,2019,2,2019,1,2,14
831,375119,398585,403597,384713,2019,2,2019,1,2,13
832,398585,394023,403597,384713,2019,2,2019,1,2,12
833,394023,335829,403597,384713,2019,2,2019,1,2,11
834,335829,338549,403597,384713,2019,2,2019,1,2,8
835,338549,353896,403597,384713,2019,2,2019,1,2,7
836,353896,353200,403597,384713,2019,2,2019,1,2,6
837,353200,347476,403597,384713,2019,2,2019,1,2,5
838,347476,336151,403597,384713,2019,2,2019,1,2,4
839,336151,403597,403597,384713,2019,2,2019,1,2,1
840,403597,411384,402138,384713,2019,2,2019,1,1,31
841,411384,412931,402138,384713,2019,2,2019,1,1,30
842,412931,407393,402138,384713,2019,2,2019,1,1,29
843,407393,397633,402138,384713,2019,2,2019,1,1,28
844,397633,398325,402138,384713,2019,2,2019,1,1,25
845,398325,402227,402138,384713,2019,2,2019,1,1,24
846,402227,401576,402138,384713,2019,2,2019,1,1,23
847,401576,385978,402138,384713,2019,2,2019,1,1,22
848,385978,379667,402138,384713,2019,2,2019,1,1,18
849,379667,396414,402138,384713,2019,2,2019,1,1,17
850,396414,391614,402138,384713,2019,2,2019,1,1,16
851,391614,346986,402138,384713,2019,2,2019,1,1,15
852,346986,331349,402138,384713,2019,2,2019,1,1,14
853,331349,329196,402138,384713,2019,2,2019,1,1,11
854,329196,349443,402138,384713,2019,2,2019,1,1,10
855,349443,362161,402138,384713,2019,2,2019,1,1,9
856,362161,364760,402138,384713,2019,2,2019,1,1,8
857,364760,356117,402138,384713,2019,2,2019,1,1,7
858,356117,352175,402138,384713,2019,2,2019,1,1,4
859,352175,382616,402138,384713,2019,2,2019,1,1,3
860,382616,402138,402138,384713,2019,2,2019,1,1,2
861,402138,374086,344874,384713,2019,1,2018,4,12,31
862,374086,350161,344874,384713,2019,1,2018,4,12,28
863,350161,368236,344874,384713,2019,1,2018,4,12,27
864,368236,385921,344874,384713,2019,1,2018,4,12,26
865,385921,369800,344874,384713,2019,1,2018,4,12,24
866,369800,369121,344874,384713,2019,1,2018,4,12,21
867,369121,396293,344874,384713,2019,1,2018,4,12,20
868,396293,405951,344874,384713,2019,1,2018,4,12,19
869,405951,413686,344874,384713,2019,1,2018,4,12,18
870,413686,311699,344874,384713,2019,1,2018,4,12,17
871,311699,303972,344874,384713,2019,1,2018,4,12,14
872,303972,322663,344874,384713,2019,1,2018,4,12,13
873,322663,334446,344874,384713,2019,1,2018,4,12,12
874,334446,345214,344874,384713,2019,1,2018,4,12,11
875,345214,335704,344874,384713,2019,1,2018,4,12,10
876,335704,335333,344874,384713,2019,1,2018,4,12,7
877,335333,328613,344874,384713,2019,1,2018,4,12,6
878,328613,324242,344874,384713,2019,1,2018,4,12,5
879,324242,332153,344874,384713,2019,1,2018,4,12,4
880,332153,344874,344874,384713,2019,1,2018,4,12,3
881,344874,343322,366596,384713,2019,1,2018,4,11,30
882,343322,332336,366596,384713,2019,1,2018,4,11,29
883,332336,349874,366596,384713,2019,1,2018,4,11,28
884,349874,355284,366596,384713,2019,1,2018,4,11,27
885,355284,343116,366596,384713,2019,1,2018,4,11,26
886,343116,317331,366596,384713,2019,1,2018,4,11,23
887,317331,329967,366596,384713,2019,1,2018,4,11,21
888,329967,340443,366596,384713,2019,1,2018,4,11,20
889,340443,332083,366596,384713,2019,1,2018,4,11,19
890,332083,327429,366596,384713,2019,1,2018,4,11,16
891,327429,328686,366596,384713,2019,1,2018,4,11,15
892,328686,347277,366596,384713,2019,1,2018,4,11,14
893,347277,341974,366596,384713,2019,1,2018,4,11,13
894,341974,343799,366596,384713,2019,1,2018,4,11,9
895,343799,316157,366596,384713,2019,1,2018,4,11,8
896,316157,313269,366596,384713,2019,1,2018,4,11,7
897,313269,321371,366596,384713,2019,1,2018,4,11,6
898,321371,316635,366596,384713,2019,1,2018,4,11,5
899,316635,339185,366596,384713,2019,1,2018,4,11,2
900,339185,366596,366596,384713,2019,1,2018,4,11,1
901,366596,375928,384713,384713,2019,1,2018,4,10,31
902,375928,381164,384713,384713,2019,1,2018,4,10,30
903,381164,372504,384713,384713,2019,1,2018,4,10,29
904,372504,372379,384713,384713,2019,1,2018,4,10,26
905,372379,360681,384713,384713,2019,1,2018,4,10,25
906,360681,374478,384713,384713,2019,1,2018,4,10,24
907,374478,373431,384713,384713,2019,1,2018,4,10,23
908,373431,369528,384713,384713,2019,1,2018,4,10,22
909,369528,369856,384713,384713,2019,1,2018,4,10,19
910,369856,360638,384713,384713,2019,1,2018,4,10,18
911,360638,370559,384713,384713,2019,1,2018,4,10,17
912,370559,364651,384713,384713,2019,1,2018,4,10,16
913,364651,309211,384713,384713,2019,1,2018,4,10,15
914,309211,306983,384713,384713,2019,1,2018,4,10,12
915,306983,308869,384713,384713,2019,1,2018,4,10,11
916,308869,329788,384713,384713,2019,1,2018,4,10,10
917,329788,326140,384713,384713,2019,1,2018,4,10,9
918,326140,329827,384713,384713,2019,1,2018,4,10,5
919,329827,350281,384713,384713,2019,1,2018,4,10,4
920,350281,369434,384713,384713,2019,1,2018,4,10,3
921,369434,368488,384713,384713,2019,1,2018,4,10,2
922,368488,384713,384713,384713,2019,1,2018,4,10,1
923,384713,333711,317971,159322,2018,4,2018,3,9,28
924,333711,367243,317971,159322,2018,4,2018,3,9,27
925,367243,380347,317971,159322,2018,4,2018,3,9,26
926,380347,380103,317971,159322,2018,4,2018,3,9,25
927,380103,366176,317971,159322,2018,4,2018,3,9,24
928,366176,363997,317971,159322,2018,4,2018,3,9,21
929,363997,399519,317971,159322,2018,4,2018,3,9,20
930,399519,405806,317971,159322,2018,4,2018,3,9,19
931,405806,393190,317971,159322,2018,4,2018,3,9,18
932,393190,292893,317971,159322,2018,4,2018,3,9,17
933,292893,273955,317971,159322,2018,4,2018,3,9,14
934,273955,297697,317971,159322,2018,4,2018,3,9,13
935,297697,306899,317971,159322,2018,4,2018,3,9,12
936,306899,309612,317971,159322,2018,4,2018,3,9,11
937,309612,301597,317971,159322,2018,4,2018,3,9,10
938,301597,306574,317971,159322,2018,4,2018,3,9,7
939,306574,324437,317971,159322,2018,4,2018,3,9,6
940,324437,328486,317971,159322,2018,4,2018,3,9,5
941,328486,317971,317971,159322,2018,4,2018,3,9,4
942,317971,341540,358159,159322,2018,4,2018,3,8,31
943,341540,345255,358159,159322,2018,4,2018,3,8,30
944,345255,341177,358159,159322,2018,4,2018,3,8,29
945,341177,346234,358159,159322,2018,4,2018,3,8,28
946,346234,339925,358159,159322,2018,4,2018,3,8,27
947,339925,345360,358159,159322,2018,4,2018,3,8,24
948,345360,334992,358159,159322,2018,4,2018,3,8,23
949,334992,346406,358159,159322,2018,4,2018,3,8,22
950,346406,352718,358159,159322,2018,4,2018,3,8,21
951,352718,350958,358159,159322,2018,4,2018,3,8,20
952,350958,351762,358159,159322,2018,4,2018,3,8,17
953,351762,318117,358159,159322,2018,4,2018,3,8,16
954,318117,348234,358159,159322,2018,4,2018,3,8,15
955,348234,352397,358159,159322,2018,4,2018,3,8,14
956,352397,345053,358159,159322,2018,4,2018,3,8,13
957,345053,345681,358159,159322,2018,4,2018,3,8,10
958,345681,311690,358159,159322,2018,4,2018,3,8,9
959,311690,325462,358159,159322,2018,4,2018,3,8,8
960,325462,331580,358159,159322,2018,4,2018,3,8,7
961,331580,324023,358159,159322,2018,4,2018,3,8,6
962,324023,344497,358159,159322,2018,4,2018,3,8,3
963,344497,310204,358159,159322,2018,4,2018,3,8,2
964,310204,358159,358159,159322,2018,4,2018,3,8,1
965,358159,364574,332805,159322,2018,4,2018,3,7,31
966,364574,356398,332805,159322,2018,4,2018,3,7,30
967,356398,358530,332805,159322,2018,4,2018,3,7,27
968,358530,338978,332805,159322,2018,4,2018,3,7,26
969,338978,352674,332805,159322,2018,4,2018,3,7,25
970,352674,355938,332805,159322,2018,4,2018,3,7,24
971,355938,347454,332805,159322,2018,4,2018,3,7,23
972,347454,352247,332805,159322,2018,4,2018,3,7,20
973,352247,335801,332805,159322,2018,4,2018,3,7,19
974,335801,347036,332805,159322,2018,4,2018,3,7,18
975,347036,351651,332805,159322,2018,4,2018,3,7,17
976,351651,308129,332805,159322,2018,4,2018,3,7,16
977,308129,312325,332805,159322,2018,4,2018,3,7,13
978,312325,316434,332805,159322,2018,4,2018,3,7,12
979,316434,329750,332805,159322,2018,4,2018,3,7,11
980,329750,334686,332805,159322,2018,4,2018,3,7,10
981,334686,326004,332805,159322,2018,4,2018,3,7,9
982,326004,326453,332805,159322,2018,4,2018,3,7,6
983,326453,325543,332805,159322,2018,4,2018,3,7,5
984,325543,350599,332805,159322,2018,4,2018,3,7,3
985,350599,332805,332805,159322,2018,4,2018,3,7,2
986,332805,352083,354393,159322,2018,3,2018,2,6,29
987,352083,362175,354393,159322,2018,3,2018,2,6,28
988,362175,375921,354393,159322,2018,3,2018,2,6,27
989,375921,381513,354393,159322,2018,3,2018,2,6,26
990,381513,374630,354393,159322,2018,3,2018,2,6,25
991,374630,374084,354393,159322,2018,3,2018,2,6,22
992,374084,380090,354393,159322,2018,3,2018,2,6,21
993,380090,385423,354393,159322,2018,3,2018,2,6,20
994,385423,373207,354393,159322,2018,3,2018,2,6,19
995,373207,350812,354393,159322,2018,3,2018,2,6,18
996,350812,278287,354393,159322,2018,3,2018,2,6,15
997,278287,282968,354393,159322,2018,3,2018,2,6,14
998,282968,287180,354393,159322,2018,3,2018,2,6,13
999,287180,288319,354393,159322,2018,3,2018,2,6,12
1000,288319,278084,354393,159322,2018,3,2018,2,6,11
1001,278084,275598,354393,159322,2018,3,2018,2,6,8
1002,275598,289454,354393,159322,2018,3,2018,2,6,7
1003,289454,282852,354393,159322,2018,3,2018,2,6,6
1004,282852,288988,354393,159322,2018,3,2018,2,6,5
1005,288988,280932,354393,159322,2018,3,2018,2,6,4
1006,280932,354393,354393,159322,2018,3,2018,2,6,1
1007,354393,332712,419376,159322,2018,3,2018,2,5,31
1008,332712,334815,419376,159322,2018,3,2018,2,5,30
1009,334815,324686,419376,159322,2018,3,2018,2,5,29
1010,324686,311183,419376,159322,2018,3,2018,2,5,25
1011,311183,312169,419376,159322,2018,3,2018,2,5,24
1012,312169,327648,419376,159322,2018,3,2018,2,5,23
1013,327648,334686,419376,159322,2018,3,2018,2,5,22
1014,334686,327372,419376,159322,2018,3,2018,2,5,21
1015,327372,328498,419376,159322,2018,3,2018,2,5,18
1016,328498,327748,419376,159322,2018,3,2018,2,5,17
1017,327748,333251,419376,159322,2018,3,2018,2,5,16
1018,333251,347471,419376,159322,2018,3,2018,2,5,15
1019,347471,338034,419376,159322,2018,3,2018,2,5,14
1020,338034,338237,419376,159322,2018,3,2018,2,5,11
1021,338237,338377,419376,159322,2018,3,2018,2,5,10
1022,338377,354299,419376,159322,2018,3,2018,2,5,9
1023,354299,362193,419376,159322,2018,3,2018,2,5,8
1024,362193,355182,419376,159322,2018,3,2018,2,5,7
1025,355182,355775,419376,159322,2018,3,2018,2,5,4
1026,355775,384961,419376,159322,2018,3,2018,2,5,3
1027,384961,381742,419376,159322,2018,3,2018,2,5,2
1028,381742,419376,419376,159322,2018,3,2018,2,5,1
1029,419376,406195,289648,159322,2018,3,2018,2,4,30
1030,406195,395225,289648,159322,2018,3,2018,2,4,27
1031,395225,403067,289648,159322,2018,3,2018,2,4,26
1032,403067,413608,289648,159322,2018,3,2018,2,4,25
1033,413608,365561,289648,159322,2018,3,2018,2,4,24
1034,365561,336271,289648,159322,2018,3,2018,2,4,23
1035,336271,326142,289648,159322,2018,3,2018,2,4,20
1036,326142,350943,289648,159322,2018,3,2018,2,4,19
1037,350943,351336,289648,159322,2018,3,2018,2,4,18
1038,351336,262442,289648,159322,2018,3,2018,2,4,17
1039,262442,245560,289648,159322,2018,3,2018,2,4,16
1040,245560,225320,289648,159322,2018,3,2018,2,4,13
1041,225320,287804,289648,159322,2018,3,2018,2,4,12
1042,287804,302176,289648,159322,2018,3,2018,2,4,11
1043,302176,301022,289648,159322,2018,3,2018,2,4,10
1044,301022,291637,289648,159322,2018,3,2018,2,4,9
1045,291637,292669,289648,159322,2018,3,2018,2,4,6
1046,292669,300604,289648,159322,2018,3,2018,2,4,5
1047,300604,299702,289648,159322,2018,3,2018,2,4,4
1048,299702,324262,289648,159322,2018,3,2018,2,4,3
1049,324262,289648,289648,159322,2018,3,2018,2,4,2
1050,289648,333897,199390,159322,2018,2,2018,1,3,30
1051,333897,300355,199390,159322,2018,2,2018,1,3,29
1052,300355,320422,199390,159322,2018,2,2018,1,3,28
1053,320422,326168,199390,159322,2018,2,2018,1,3,27
1054,326168,320270,199390,159322,2018,2,2018,1,3,26
1055,320270,324254,199390,159322,2018,2,2018,1,3,23
1056,324254,298973,199390,159322,2018,2,2018,1,3,22
1057,298973,316961,199390,159322,2018,2,2018,1,3,21
1058,316961,328814,199390,159322,2018,2,2018,1,3,20
1059,328814,321657,199390,159322,2018,2,2018,1,3,19
1060,321657,305460,199390,159322,2018,2,2018,1,3,16
1061,305460,236160,199390,159322,2018,2,2018,1,3,15
1062,236160,253462,199390,159322,2018,2,2018,1,3,14
1063,253462,263515,199390,159322,2018,2,2018,1,3,13
1064,263515,248269,199390,159322,2018,2,2018,1,3,12
1065,248269,251562,199390,159322,2018,2,2018,1,3,9
1066,251562,187515,199390,159322,2018,2,2018,1,3,8
1067,187515,190496,199390,159322,2018,2,2018,1,3,7
1068,190496,197244,199390,159322,2018,2,2018,1,3,6
1069,197244,192156,199390,159322,2018,2,2018,1,3,5
1070,192156,213775,199390,159322,2018,2,2018,1,3,2
1071,213775,199390,199390,159322,2018,2,2018,1,3,1
1072,199390,203846,275794,159322,2018,2,2018,1,2,28
1073,203846,212253,275794,159322,2018,2,2018,1,2,27
1074,212253,204089,275794,159322,2018,2,2018,1,2,26
1075,204089,190583,275794,159322,2018,2,2018,1,2,23
1076,190583,208817,275794,159322,2018,2,2018,1,2,22
1077,208817,228784,275794,159322,2018,2,2018,1,2,21
1078,228784,224711,275794,159322,2018,2,2018,1,2,20
1079,224711,166297,275794,159322,2018,2,2018,1,2,16
1080,166297,180845,275794,159322,2018,2,2018,1,2,15
1081,180845,198047,275794,159322,2018,2,2018,1,2,14
1082,198047,206488,275794,159322,2018,2,2018,1,2,13
1083,206488,198581,275794,159322,2018,2,2018,1,2,12
1084,198581,202643,275794,159322,2018,2,2018,1,2,9
1085,202643,202221,275794,159322,2018,2,2018,1,2,8
1086,202221,199964,275794,159322,2018,2,2018,1,2,7
1087,199964,205285,275794,159322,2018,2,2018,1,2,6
1088,205285,200213,275794,159322,2018,2,2018,1,2,5
1089,200213,219444,275794,159322,2018,2,2018,1,2,2
1090,219444,275794,275794,159322,2018,2,2018,1,2,1
1091,275794,272462,228933,159322,2018,2,2018,1,1,31
1092,272462,276512,228933,159322,2018,2,2018,1,1,30
1093,276512,265889,228933,159322,2018,2,2018,1,1,29
1094,265889,269271,228933,159322,2018,2,2018,1,1,26
1095,269271,275963,228933,159322,2018,2,2018,1,1,25
1096,275963,278567,228933,159322,2018,2,2018,1,1,24
1097,278567,273051,228933,159322,2018,2,2018,1,1,23
1098,273051,264775,228933,159322,2018,2,2018,1,1,22
1099,264775,261919,228933,159322,2018,2,2018,1,1,19
1100,261919,256720,228933,159322,2018,2,2018,1,1,18
1101,256720,259084,228933,159322,2018,2,2018,1,1,17
1102,259084,215476,228933,159322,2018,2,2018,1,1,16
1103,215476,215951,228933,159322,2018,2,2018,1,1,12
1104,215951,198573,228933,159322,2018,2,2018,1,1,11
1105,198573,209981,228933,159322,2018,2,2018,1,1,10
1106,209981,214096,228933,159322,2018,2,2018,1,1,9
1107,214096,205500,228933,159322,2018,2,2018,1,1,8
1108,205500,204358,228933,159322,2018,2,2018,1,1,5
1109,204358,169957,228933,159322,2018,2,2018,1,1,4
1110,169957,190038,228933,159322,2018,2,2018,1,1,3
1111,190038,228933,228933,159322,2018,2,2018,1,1,2
1112,228933,205236,183157,159322,2018,1,2017,4,12,29
1113,205236,186486,183157,159322,2018,1,2017,4,12,28
1114,186486,202567,183157,159322,2018,1,2017,4,12,27
1115,202567,189767,183157,159322,2018,1,2017,4,12,26
1116,189767,183859,183157,159322,2018,1,2017,4,12,22
1117,183859,170817,183157,159322,2018,1,2017,4,12,21
1118,170817,177911,183157,159322,2018,1,2017,4,12,20
1119,177911,180621,183157,159322,2018,1,2017,4,12,19
1120,180621,159494,183157,159322,2018,1,2017,4,12,18
1121,159494,81451,183157,159322,2018,1,2017,4,12,15
1122,81451,64734,183157,159322,2018,1,2017,4,12,14
1123,64734,74174,183157,159322,2018,1,2017,4,12,13
1124,74174,79049,183157,159322,2018,1,2017,4,12,12
1125,79049,69098,183157,159322,2018,1,2017,4,12,11
1126,69098,108208,183157,159322,2018,1,2017,4,12,8
1127,108208,122127,183157,159322,2018,1,2017,4,12,7
1128,122127,115894,183157,159322,2018,1,2017,4,12,6
1129,115894,124441,183157,159322,2018,1,2017,4,12,5
1130,124441,115828,183157,159322,2018,1,2017,4,12,4
1131,115828,183157,183157,159322,2018,1,2017,4,12,1
1132,183157,178685,176855,159322,2018,1,2017,4,11,30
1133,178685,174602,176855,159322,2018,1,2017,4,11,29
1134,174602,179974,176855,159322,2018,1,2017,4,11,28
1135,179974,173644,176855,159322,2018,1,2017,4,11,27
1136,173644,151783,176855,159322,2018,1,2017,4,11,24
1137,151783,162665,176855,159322,2018,1,2017,4,11,22
1138,162665,171401,176855,159322,2018,1,2017,4,11,21
1139,171401,164392,176855,159322,2018,1,2017,4,11,20
1140,164392,166027,176855,159322,2018,1,2017,4,11,17
1141,166027,148165,176855,159322,2018,1,2017,4,11,16
1142,148165,180272,176855,159322,2018,1,2017,4,11,15
1143,180272,186715,176855,159322,2018,1,2017,4,11,14
1144,186715,177386,176855,159322,2018,1,2017,4,11,13
1145,177386,175105,176855,159322,2018,1,2017,4,11,10
1146,175105,160437,176855,159322,2018,1,2017,4,11,9
1147,160437,174857,176855,159322,2018,1,2017,4,11,8
1148,174857,181752,176855,159322,2018,1,2017,4,11,7
1149,181752,175463,176855,159322,2018,1,2017,4,11,6
1150,175463,201020,176855,159322,2018,1,2017,4,11,3
1151,201020,181764,176855,159322,2018,1,2017,4,11,2
1152,181764,176855,176855,159322,2018,1,2017,4,11,1
1153,176855,205648,159322,159322,2018,1,2017,4,10,31
1154,205648,198032,159322,159322,2018,1,2017,4,10,30
1155,198032,196459,159322,159322,2018,1,2017,4,10,27
1156,196459,185092,159322,159322,2018,1,2017,4,10,26
1157,185092,201072,159322,159322,2018,1,2017,4,10,25
1158,201072,203965,159322,159322,2018,1,2017,4,10,24
1159,203965,194259,159322,159322,2018,1,2017,4,10,23
1160,194259,201416,159322,159322,2018,1,2017,4,10,20
1161,201416,196106,159322,159322,2018,1,2017,4,10,19
1162,196106,207114,159322,159322,2018,1,2017,4,10,18
1163,207114,212602,159322,159322,2018,1,2017,4,10,17
1164,212602,159556,159322,159322,2018,1,2017,4,10,16
1165,159556,158328,159322,159322,2018,1,2017,4,10,13
1166,158328,155307,159322,159322,2018,1,2017,4,10,12
1167,155307,177393,159322,159322,2018,1,2017,4,10,11
1168,177393,171022,159322,159322,2018,1,2017,4,10,10
1169,171022,171576,159322,159322,2018,1,2017,4,10,6
1170,171576,154619,159322,159322,2018,1,2017,4,10,5
1171,154619,149817,159322,159322,2018,1,2017,4,10,4
1172,149817,176228,159322,159322,2018,1,2017,4,10,3
1173,176228,159322,159322,159322,2018,1,2017,4,10,2
1174,159322,164398,55401,353312,2017,4,2017,3,9,29
1175,164398,155159,55401,353312,2017,4,2017,3,9,28
1176,155159,167156,55401,353312,2017,4,2017,3,9,27
1177,167156,173206,55401,353312,2017,4,2017,3,9,26
1178,173206,164138,55401,353312,2017,4,2017,3,9,25
1179,164138,164630,55401,353312,2017,4,2017,3,9,22
1180,164630,151204,55401,353312,2017,4,2017,3,9,21
1181,151204,159614,55401,353312,2017,4,2017,3,9,20
1182,159614,142037,55401,353312,2017,4,2017,3,9,19
1183,142037,119259,55401,353312,2017,4,2017,3,9,18
1184,119259,83843,55401,353312,2017,4,2017,3,9,15
1185,83843,73220,55401,353312,2017,4,2017,3,9,14
1186,73220,77559,55401,353312,2017,4,2017,3,9,13
1187,77559,78289,55401,353312,2017,4,2017,3,9,12
1188,78289,70194,55401,353312,2017,4,2017,3,9,11
1189,70194,51974,55401,353312,2017,4,2017,3,9,8
1190,51974,38662,55401,353312,2017,4,2017,3,9,7
1191,38662,40456,55401,353312,2017,4,2017,3,9,6
1192,40456,32106,55401,353312,2017,4,2017,3,9,5
1193,32106,55401,55401,353312,2017,4,2017,3,9,1
1194,55401,66877,189023,353312,2017,4,2017,3,8,31
1195,66877,63991,189023,353312,2017,4,2017,3,8,30
1196,63991,67776,189023,353312,2017,4,2017,3,8,29
1197,67776,59400,189023,353312,2017,4,2017,3,8,28
1198,59400,50553,189023,353312,2017,4,2017,3,8,25
1199,50553,67930,189023,353312,2017,4,2017,3,8,24
1200,67930,83017,189023,353312,2017,4,2017,3,8,23
1201,83017,86813,189023,353312,2017,4,2017,3,8,22
1202,86813,84766,189023,353312,2017,4,2017,3,8,21
1203,84766,82481,189023,353312,2017,4,2017,3,8,18
1204,82481,96029,189023,353312,2017,4,2017,3,8,17
1205,96029,100391,189023,353312,2017,4,2017,3,8,16
1206,100391,150654,189023,353312,2017,4,2017,3,8,15
1207,150654,142035,189023,353312,2017,4,2017,3,8,14
1208,142035,143500,189023,353312,2017,4,2017,3,8,11
1209,143500,139553,189023,353312,2017,4,2017,3,8,10
1210,139553,152141,189023,353312,2017,4,2017,3,8,9
1211,152141,158389,189023,353312,2017,4,2017,3,8,8
1212,158389,150656,189023,353312,2017,4,2017,3,8,7
1213,150656,146985,189023,353312,2017,4,2017,3,8,4
1214,146985,165407,189023,353312,2017,4,2017,3,8,3
1215,165407,158260,189023,353312,2017,4,2017,3,8,2
1216,158260,189023,189023,353312,2017,4,2017,3,8,1
1217,189023,187603,181117,353312,2017,4,2017,3,7,31
1218,187603,186935,181117,353312,2017,4,2017,3,7,28
1219,186935,183534,181117,353312,2017,4,2017,3,7,27
1220,183534,195235,181117,353312,2017,4,2017,3,7,26
1221,195235,197523,181117,353312,2017,4,2017,3,7,25
1222,197523,188789,181117,353312,2017,4,2017,3,7,24
1223,188789,197167,181117,353312,2017,4,2017,3,7,21
1224,197167,189282,181117,353312,2017,4,2017,3,7,20
1225,189282,198878,181117,353312,2017,4,2017,3,7,19
1226,198878,201413,181117,353312,2017,4,2017,3,7,18
1227,201413,168075,181117,353312,2017,4,2017,3,7,17
1228,168075,169002,181117,353312,2017,4,2017,3,7,14
1229,169002,162156,181117,353312,2017,4,2017,3,7,13
1230,162156,174469,181117,353312,2017,4,2017,3,7,12
1231,174469,178605,181117,353312,2017,4,2017,3,7,11
1232,178605,170514,181117,353312,2017,4,2017,3,7,10
1233,170514,170463,181117,353312,2017,4,2017,3,7,7
1234,170463,165044,181117,353312,2017,4,2017,3,7,6
1235,165044,167210,181117,353312,2017,4,2017,3,7,5
1236,167210,181117,181117,353312,2017,4,2017,3,7,3
1237,181117,196229,189831,353312,2017,3,2017,2,6,30
1238,196229,197597,189831,353312,2017,3,2017,2,6,29
1239,197597,211666,189831,353312,2017,3,2017,2,6,28
1240,211666,215903,189831,353312,2017,3,2017,2,6,27
1241,215903,208406,189831,353312,2017,3,2017,2,6,26
1242,208406,208172,189831,353312,2017,3,2017,2,6,23
1243,208172,225126,189831,353312,2017,3,2017,2,6,22
1244,225126,226592,189831,353312,2017,3,2017,2,6,21
1245,226592,217596,189831,353312,2017,3,2017,2,6,20
1246,217596,206407,189831,353312,2017,3,2017,2,6,19
1247,206407,197389,189831,353312,2017,3,2017,2,6,16
1248,197389,163941,189831,353312,2017,3,2017,2,6,15
1249,163941,159881,189831,353312,2017,3,2017,2,6,14
1250,159881,158962,189831,353312,2017,3,2017,2,6,13
1251,158962,148101,189831,353312,2017,3,2017,2,6,12
1252,148101,148437,189831,353312,2017,3,2017,2,6,9
1253,148437,154760,189831,353312,2017,3,2017,2,6,8
1254,154760,148689,189831,353312,2017,3,2017,2,6,7
1255,148689,153151,189831,353312,2017,3,2017,2,6,6
1256,153151,147181,189831,353312,2017,3,2017,2,6,5
1257,147181,168966,189831,353312,2017,3,2017,2,6,2
1258,168966,189831,189831,353312,2017,3,2017,2,6,1
1259,189831,176984,272585,353312,2017,3,2017,2,5,31
